sample-id	forward-absolute-filepath	reverse-absolute-filepath
100	/nobackup/cxlg51/16farms/trimmed/100_R1.fastq.gz	/nobackup/cxlg51/16farms/trimmed/100_R2.fastq.gz
101	/nobackup/cxlg51/16farms/trimmed/101_R1.fastq.gz	/nobackup/cxlg51/16farms/trimmed/101_R2.fastq.gz
102	/nobackup/cxlg51/16farms/trimmed/102_R1.fastq.gz	/nobackup/cxlg51/16farms/trimmed/102_R2.fastq.gz
103	/nobackup/cxlg51/16farms/trimmed/103_R1.fastq.gz	/nobackup/cxlg51/16farms/trimmed/103_R2.fastq.gz
104	/nobackup/cxlg51/16farms/trimmed/104_R1.fastq.gz	/nobackup/cxlg51/16farms/trimmed/104_R2.fastq.gz
105	/nobackup/cxlg51/16farms/trimmed/105_R1.fastq.gz	/nobackup/cxlg51/16farms/trimmed/105_R2.fastq.gz
106	/nobackup/cxlg51/16farms/trimmed/106_R1.fastq.gz	/nobackup/cxlg51/16farms/trimmed/106_R2.fastq.gz
107	/nobackup/cxlg51/16farms/trimmed/107_R1.fastq.gz	/nobackup/cxlg51/16farms/trimmed/107_R2.fastq.gz
108	/nobackup/cxlg51/16farms/trimmed/108_R1.fastq.gz	/nobackup/cxlg51/16farms/trimmed/108_R2.fastq.gz
10	/nobackup/cxlg51/16farms/trimmed/10_R1.fastq.gz	/nobackup/cxlg51/16farms/trimmed/10_R2.fastq.gz
111	/nobackup/cxlg51/16farms/trimmed/111_R1.fastq.gz	/nobackup/cxlg51/16farms/trimmed/111_R2.fastq.gz
112	/nobackup/cxlg51/16farms/trimmed/112_R1.fastq.gz	/nobackup/cxlg51/16farms/trimmed/112_R2.fastq.gz
113	/nobackup/cxlg51/16farms/trimmed/113_R1.fastq.gz	/nobackup/cxlg51/16farms/trimmed/113_R2.fastq.gz
114	/nobackup/cxlg51/16farms/trimmed/114_R1.fastq.gz	/nobackup/cxlg51/16farms/trimmed/114_R2.fastq.gz
115	/nobackup/cxlg51/16farms/trimmed/115_R1.fastq.gz	/nobackup/cxlg51/16farms/trimmed/115_R2.fastq.gz
116	/nobackup/cxlg51/16farms/trimmed/116_R1.fastq.gz	/nobackup/cxlg51/16farms/trimmed/116_R2.fastq.gz
117	/nobackup/cxlg51/16farms/trimmed/117_R1.fastq.gz	/nobackup/cxlg51/16farms/trimmed/117_R2.fastq.gz
118	/nobackup/cxlg51/16farms/trimmed/118_R1.fastq.gz	/nobackup/cxlg51/16farms/trimmed/118_R2.fastq.gz
119	/nobackup/cxlg51/16farms/trimmed/119_R1.fastq.gz	/nobackup/cxlg51/16farms/trimmed/119_R2.fastq.gz
120	/nobackup/cxlg51/16farms/trimmed/120_R1.fastq.gz	/nobackup/cxlg51/16farms/trimmed/120_R2.fastq.gz
121	/nobackup/cxlg51/16farms/trimmed/121_R1.fastq.gz	/nobackup/cxlg51/16farms/trimmed/121_R2.fastq.gz
122	/nobackup/cxlg51/16farms/trimmed/122_R1.fastq.gz	/nobackup/cxlg51/16farms/trimmed/122_R2.fastq.gz
123	/nobackup/cxlg51/16farms/trimmed/123_R1.fastq.gz	/nobackup/cxlg51/16farms/trimmed/123_R2.fastq.gz
124	/nobackup/cxlg51/16farms/trimmed/124_R1.fastq.gz	/nobackup/cxlg51/16farms/trimmed/124_R2.fastq.gz
125	/nobackup/cxlg51/16farms/trimmed/125_R1.fastq.gz	/nobackup/cxlg51/16farms/trimmed/125_R2.fastq.gz
126	/nobackup/cxlg51/16farms/trimmed/126_R1.fastq.gz	/nobackup/cxlg51/16farms/trimmed/126_R2.fastq.gz
127	/nobackup/cxlg51/16farms/trimmed/127_R1.fastq.gz	/nobackup/cxlg51/16farms/trimmed/127_R2.fastq.gz
128	/nobackup/cxlg51/16farms/trimmed/128_R1.fastq.gz	/nobackup/cxlg51/16farms/trimmed/128_R2.fastq.gz
129	/nobackup/cxlg51/16farms/trimmed/129_R1.fastq.gz	/nobackup/cxlg51/16farms/trimmed/129_R2.fastq.gz
130	/nobackup/cxlg51/16farms/trimmed/130_R1.fastq.gz	/nobackup/cxlg51/16farms/trimmed/130_R2.fastq.gz
131	/nobackup/cxlg51/16farms/trimmed/131_R1.fastq.gz	/nobackup/cxlg51/16farms/trimmed/131_R2.fastq.gz
132	/nobackup/cxlg51/16farms/trimmed/132_R1.fastq.gz	/nobackup/cxlg51/16farms/trimmed/132_R2.fastq.gz
133	/nobackup/cxlg51/16farms/trimmed/133_R1.fastq.gz	/nobackup/cxlg51/16farms/trimmed/133_R2.fastq.gz
134	/nobackup/cxlg51/16farms/trimmed/134_R1.fastq.gz	/nobackup/cxlg51/16farms/trimmed/134_R2.fastq.gz
135	/nobackup/cxlg51/16farms/trimmed/135_R1.fastq.gz	/nobackup/cxlg51/16farms/trimmed/135_R2.fastq.gz
136	/nobackup/cxlg51/16farms/trimmed/136_R1.fastq.gz	/nobackup/cxlg51/16farms/trimmed/136_R2.fastq.gz
137	/nobackup/cxlg51/16farms/trimmed/137_R1.fastq.gz	/nobackup/cxlg51/16farms/trimmed/137_R2.fastq.gz
138	/nobackup/cxlg51/16farms/trimmed/138_R1.fastq.gz	/nobackup/cxlg51/16farms/trimmed/138_R2.fastq.gz
139	/nobackup/cxlg51/16farms/trimmed/139_R1.fastq.gz	/nobackup/cxlg51/16farms/trimmed/139_R2.fastq.gz
13	/nobackup/cxlg51/16farms/trimmed/13_R1.fastq.gz	/nobackup/cxlg51/16farms/trimmed/13_R2.fastq.gz
140	/nobackup/cxlg51/16farms/trimmed/140_R1.fastq.gz	/nobackup/cxlg51/16farms/trimmed/140_R2.fastq.gz
141	/nobackup/cxlg51/16farms/trimmed/141_R1.fastq.gz	/nobackup/cxlg51/16farms/trimmed/141_R2.fastq.gz
142	/nobackup/cxlg51/16farms/trimmed/142_R1.fastq.gz	/nobackup/cxlg51/16farms/trimmed/142_R2.fastq.gz
143	/nobackup/cxlg51/16farms/trimmed/143_R1.fastq.gz	/nobackup/cxlg51/16farms/trimmed/143_R2.fastq.gz
144	/nobackup/cxlg51/16farms/trimmed/144_R1.fastq.gz	/nobackup/cxlg51/16farms/trimmed/144_R2.fastq.gz
145	/nobackup/cxlg51/16farms/trimmed/145_R1.fastq.gz	/nobackup/cxlg51/16farms/trimmed/145_R2.fastq.gz
146	/nobackup/cxlg51/16farms/trimmed/146_R1.fastq.gz	/nobackup/cxlg51/16farms/trimmed/146_R2.fastq.gz
147	/nobackup/cxlg51/16farms/trimmed/147_R1.fastq.gz	/nobackup/cxlg51/16farms/trimmed/147_R2.fastq.gz
148	/nobackup/cxlg51/16farms/trimmed/148_R1.fastq.gz	/nobackup/cxlg51/16farms/trimmed/148_R2.fastq.gz
149	/nobackup/cxlg51/16farms/trimmed/149_R1.fastq.gz	/nobackup/cxlg51/16farms/trimmed/149_R2.fastq.gz
14	/nobackup/cxlg51/16farms/trimmed/14_R1.fastq.gz	/nobackup/cxlg51/16farms/trimmed/14_R2.fastq.gz
150	/nobackup/cxlg51/16farms/trimmed/150_R1.fastq.gz	/nobackup/cxlg51/16farms/trimmed/150_R2.fastq.gz
151	/nobackup/cxlg51/16farms/trimmed/151_R1.fastq.gz	/nobackup/cxlg51/16farms/trimmed/151_R2.fastq.gz
152	/nobackup/cxlg51/16farms/trimmed/152_R1.fastq.gz	/nobackup/cxlg51/16farms/trimmed/152_R2.fastq.gz
153	/nobackup/cxlg51/16farms/trimmed/153_R1.fastq.gz	/nobackup/cxlg51/16farms/trimmed/153_R2.fastq.gz
154	/nobackup/cxlg51/16farms/trimmed/154_R1.fastq.gz	/nobackup/cxlg51/16farms/trimmed/154_R2.fastq.gz
155	/nobackup/cxlg51/16farms/trimmed/155_R1.fastq.gz	/nobackup/cxlg51/16farms/trimmed/155_R2.fastq.gz
158	/nobackup/cxlg51/16farms/trimmed/158_R1.fastq.gz	/nobackup/cxlg51/16farms/trimmed/158_R2.fastq.gz
159	/nobackup/cxlg51/16farms/trimmed/159_R1.fastq.gz	/nobackup/cxlg51/16farms/trimmed/159_R2.fastq.gz
15	/nobackup/cxlg51/16farms/trimmed/15_R1.fastq.gz	/nobackup/cxlg51/16farms/trimmed/15_R2.fastq.gz
163	/nobackup/cxlg51/16farms/trimmed/163_R1.fastq.gz	/nobackup/cxlg51/16farms/trimmed/163_R2.fastq.gz
164	/nobackup/cxlg51/16farms/trimmed/164_R1.fastq.gz	/nobackup/cxlg51/16farms/trimmed/164_R2.fastq.gz
166	/nobackup/cxlg51/16farms/trimmed/166_R1.fastq.gz	/nobackup/cxlg51/16farms/trimmed/166_R2.fastq.gz
168	/nobackup/cxlg51/16farms/trimmed/168_R1.fastq.gz	/nobackup/cxlg51/16farms/trimmed/168_R2.fastq.gz
169	/nobackup/cxlg51/16farms/trimmed/169_R1.fastq.gz	/nobackup/cxlg51/16farms/trimmed/169_R2.fastq.gz
16	/nobackup/cxlg51/16farms/trimmed/16_R1.fastq.gz	/nobackup/cxlg51/16farms/trimmed/16_R2.fastq.gz
170	/nobackup/cxlg51/16farms/trimmed/170_R1.fastq.gz	/nobackup/cxlg51/16farms/trimmed/170_R2.fastq.gz
171	/nobackup/cxlg51/16farms/trimmed/171_R1.fastq.gz	/nobackup/cxlg51/16farms/trimmed/171_R2.fastq.gz
172	/nobackup/cxlg51/16farms/trimmed/172_R1.fastq.gz	/nobackup/cxlg51/16farms/trimmed/172_R2.fastq.gz
173	/nobackup/cxlg51/16farms/trimmed/173_R1.fastq.gz	/nobackup/cxlg51/16farms/trimmed/173_R2.fastq.gz
174	/nobackup/cxlg51/16farms/trimmed/174_R1.fastq.gz	/nobackup/cxlg51/16farms/trimmed/174_R2.fastq.gz
175	/nobackup/cxlg51/16farms/trimmed/175_R1.fastq.gz	/nobackup/cxlg51/16farms/trimmed/175_R2.fastq.gz
176	/nobackup/cxlg51/16farms/trimmed/176_R1.fastq.gz	/nobackup/cxlg51/16farms/trimmed/176_R2.fastq.gz
177	/nobackup/cxlg51/16farms/trimmed/177_R1.fastq.gz	/nobackup/cxlg51/16farms/trimmed/177_R2.fastq.gz
178	/nobackup/cxlg51/16farms/trimmed/178_R1.fastq.gz	/nobackup/cxlg51/16farms/trimmed/178_R2.fastq.gz
17	/nobackup/cxlg51/16farms/trimmed/17_R1.fastq.gz	/nobackup/cxlg51/16farms/trimmed/17_R2.fastq.gz
180	/nobackup/cxlg51/16farms/trimmed/180_R1.fastq.gz	/nobackup/cxlg51/16farms/trimmed/180_R2.fastq.gz
181	/nobackup/cxlg51/16farms/trimmed/181_R1.fastq.gz	/nobackup/cxlg51/16farms/trimmed/181_R2.fastq.gz
182	/nobackup/cxlg51/16farms/trimmed/182_R1.fastq.gz	/nobackup/cxlg51/16farms/trimmed/182_R2.fastq.gz
183	/nobackup/cxlg51/16farms/trimmed/183_R1.fastq.gz	/nobackup/cxlg51/16farms/trimmed/183_R2.fastq.gz
184	/nobackup/cxlg51/16farms/trimmed/184_R1.fastq.gz	/nobackup/cxlg51/16farms/trimmed/184_R2.fastq.gz
185	/nobackup/cxlg51/16farms/trimmed/185_R1.fastq.gz	/nobackup/cxlg51/16farms/trimmed/185_R2.fastq.gz
186	/nobackup/cxlg51/16farms/trimmed/186_R1.fastq.gz	/nobackup/cxlg51/16farms/trimmed/186_R2.fastq.gz
187	/nobackup/cxlg51/16farms/trimmed/187_R1.fastq.gz	/nobackup/cxlg51/16farms/trimmed/187_R2.fastq.gz
188	/nobackup/cxlg51/16farms/trimmed/188_R1.fastq.gz	/nobackup/cxlg51/16farms/trimmed/188_R2.fastq.gz
189	/nobackup/cxlg51/16farms/trimmed/189_R1.fastq.gz	/nobackup/cxlg51/16farms/trimmed/189_R2.fastq.gz
18	/nobackup/cxlg51/16farms/trimmed/18_R1.fastq.gz	/nobackup/cxlg51/16farms/trimmed/18_R2.fastq.gz
190	/nobackup/cxlg51/16farms/trimmed/190_R1.fastq.gz	/nobackup/cxlg51/16farms/trimmed/190_R2.fastq.gz
191	/nobackup/cxlg51/16farms/trimmed/191_R1.fastq.gz	/nobackup/cxlg51/16farms/trimmed/191_R2.fastq.gz
192	/nobackup/cxlg51/16farms/trimmed/192_R1.fastq.gz	/nobackup/cxlg51/16farms/trimmed/192_R2.fastq.gz
194	/nobackup/cxlg51/16farms/trimmed/194_R1.fastq.gz	/nobackup/cxlg51/16farms/trimmed/194_R2.fastq.gz
195	/nobackup/cxlg51/16farms/trimmed/195_R1.fastq.gz	/nobackup/cxlg51/16farms/trimmed/195_R2.fastq.gz
196	/nobackup/cxlg51/16farms/trimmed/196_R1.fastq.gz	/nobackup/cxlg51/16farms/trimmed/196_R2.fastq.gz
197	/nobackup/cxlg51/16farms/trimmed/197_R1.fastq.gz	/nobackup/cxlg51/16farms/trimmed/197_R2.fastq.gz
198	/nobackup/cxlg51/16farms/trimmed/198_R1.fastq.gz	/nobackup/cxlg51/16farms/trimmed/198_R2.fastq.gz
19	/nobackup/cxlg51/16farms/trimmed/19_R1.fastq.gz	/nobackup/cxlg51/16farms/trimmed/19_R2.fastq.gz
200	/nobackup/cxlg51/16farms/trimmed/200_R1.fastq.gz	/nobackup/cxlg51/16farms/trimmed/200_R2.fastq.gz
204	/nobackup/cxlg51/16farms/trimmed/204_R1.fastq.gz	/nobackup/cxlg51/16farms/trimmed/204_R2.fastq.gz
205	/nobackup/cxlg51/16farms/trimmed/205_R1.fastq.gz	/nobackup/cxlg51/16farms/trimmed/205_R2.fastq.gz
207	/nobackup/cxlg51/16farms/trimmed/207_R1.fastq.gz	/nobackup/cxlg51/16farms/trimmed/207_R2.fastq.gz
209	/nobackup/cxlg51/16farms/trimmed/209_R1.fastq.gz	/nobackup/cxlg51/16farms/trimmed/209_R2.fastq.gz
20	/nobackup/cxlg51/16farms/trimmed/20_R1.fastq.gz	/nobackup/cxlg51/16farms/trimmed/20_R2.fastq.gz
210	/nobackup/cxlg51/16farms/trimmed/210_R1.fastq.gz	/nobackup/cxlg51/16farms/trimmed/210_R2.fastq.gz
211	/nobackup/cxlg51/16farms/trimmed/211_R1.fastq.gz	/nobackup/cxlg51/16farms/trimmed/211_R2.fastq.gz
213	/nobackup/cxlg51/16farms/trimmed/213_R1.fastq.gz	/nobackup/cxlg51/16farms/trimmed/213_R2.fastq.gz
214	/nobackup/cxlg51/16farms/trimmed/214_R1.fastq.gz	/nobackup/cxlg51/16farms/trimmed/214_R2.fastq.gz
215	/nobackup/cxlg51/16farms/trimmed/215_R1.fastq.gz	/nobackup/cxlg51/16farms/trimmed/215_R2.fastq.gz
217	/nobackup/cxlg51/16farms/trimmed/217_R1.fastq.gz	/nobackup/cxlg51/16farms/trimmed/217_R2.fastq.gz
218	/nobackup/cxlg51/16farms/trimmed/218_R1.fastq.gz	/nobackup/cxlg51/16farms/trimmed/218_R2.fastq.gz
219	/nobackup/cxlg51/16farms/trimmed/219_R1.fastq.gz	/nobackup/cxlg51/16farms/trimmed/219_R2.fastq.gz
21	/nobackup/cxlg51/16farms/trimmed/21_R1.fastq.gz	/nobackup/cxlg51/16farms/trimmed/21_R2.fastq.gz
220	/nobackup/cxlg51/16farms/trimmed/220_R1.fastq.gz	/nobackup/cxlg51/16farms/trimmed/220_R2.fastq.gz
223	/nobackup/cxlg51/16farms/trimmed/223_R1.fastq.gz	/nobackup/cxlg51/16farms/trimmed/223_R2.fastq.gz
224	/nobackup/cxlg51/16farms/trimmed/224_R1.fastq.gz	/nobackup/cxlg51/16farms/trimmed/224_R2.fastq.gz
225	/nobackup/cxlg51/16farms/trimmed/225_R1.fastq.gz	/nobackup/cxlg51/16farms/trimmed/225_R2.fastq.gz
226	/nobackup/cxlg51/16farms/trimmed/226_R1.fastq.gz	/nobackup/cxlg51/16farms/trimmed/226_R2.fastq.gz
227	/nobackup/cxlg51/16farms/trimmed/227_R1.fastq.gz	/nobackup/cxlg51/16farms/trimmed/227_R2.fastq.gz
228	/nobackup/cxlg51/16farms/trimmed/228_R1.fastq.gz	/nobackup/cxlg51/16farms/trimmed/228_R2.fastq.gz
229	/nobackup/cxlg51/16farms/trimmed/229_R1.fastq.gz	/nobackup/cxlg51/16farms/trimmed/229_R2.fastq.gz
22	/nobackup/cxlg51/16farms/trimmed/22_R1.fastq.gz	/nobackup/cxlg51/16farms/trimmed/22_R2.fastq.gz
230	/nobackup/cxlg51/16farms/trimmed/230_R1.fastq.gz	/nobackup/cxlg51/16farms/trimmed/230_R2.fastq.gz
231	/nobackup/cxlg51/16farms/trimmed/231_R1.fastq.gz	/nobackup/cxlg51/16farms/trimmed/231_R2.fastq.gz
234	/nobackup/cxlg51/16farms/trimmed/234_R1.fastq.gz	/nobackup/cxlg51/16farms/trimmed/234_R2.fastq.gz
235	/nobackup/cxlg51/16farms/trimmed/235_R1.fastq.gz	/nobackup/cxlg51/16farms/trimmed/235_R2.fastq.gz
236	/nobackup/cxlg51/16farms/trimmed/236_R1.fastq.gz	/nobackup/cxlg51/16farms/trimmed/236_R2.fastq.gz
237	/nobackup/cxlg51/16farms/trimmed/237_R1.fastq.gz	/nobackup/cxlg51/16farms/trimmed/237_R2.fastq.gz
238	/nobackup/cxlg51/16farms/trimmed/238_R1.fastq.gz	/nobackup/cxlg51/16farms/trimmed/238_R2.fastq.gz
239	/nobackup/cxlg51/16farms/trimmed/239_R1.fastq.gz	/nobackup/cxlg51/16farms/trimmed/239_R2.fastq.gz
23	/nobackup/cxlg51/16farms/trimmed/23_R1.fastq.gz	/nobackup/cxlg51/16farms/trimmed/23_R2.fastq.gz
241	/nobackup/cxlg51/16farms/trimmed/241_R1.fastq.gz	/nobackup/cxlg51/16farms/trimmed/241_R2.fastq.gz
243	/nobackup/cxlg51/16farms/trimmed/243_R1.fastq.gz	/nobackup/cxlg51/16farms/trimmed/243_R2.fastq.gz
244	/nobackup/cxlg51/16farms/trimmed/244_R1.fastq.gz	/nobackup/cxlg51/16farms/trimmed/244_R2.fastq.gz
245	/nobackup/cxlg51/16farms/trimmed/245_R1.fastq.gz	/nobackup/cxlg51/16farms/trimmed/245_R2.fastq.gz
246	/nobackup/cxlg51/16farms/trimmed/246_R1.fastq.gz	/nobackup/cxlg51/16farms/trimmed/246_R2.fastq.gz
24	/nobackup/cxlg51/16farms/trimmed/24_R1.fastq.gz	/nobackup/cxlg51/16farms/trimmed/24_R2.fastq.gz
250	/nobackup/cxlg51/16farms/trimmed/250_R1.fastq.gz	/nobackup/cxlg51/16farms/trimmed/250_R2.fastq.gz
251	/nobackup/cxlg51/16farms/trimmed/251_R1.fastq.gz	/nobackup/cxlg51/16farms/trimmed/251_R2.fastq.gz
252	/nobackup/cxlg51/16farms/trimmed/252_R1.fastq.gz	/nobackup/cxlg51/16farms/trimmed/252_R2.fastq.gz
254	/nobackup/cxlg51/16farms/trimmed/254_R1.fastq.gz	/nobackup/cxlg51/16farms/trimmed/254_R2.fastq.gz
258	/nobackup/cxlg51/16farms/trimmed/258_R1.fastq.gz	/nobackup/cxlg51/16farms/trimmed/258_R2.fastq.gz
259	/nobackup/cxlg51/16farms/trimmed/259_R1.fastq.gz	/nobackup/cxlg51/16farms/trimmed/259_R2.fastq.gz
25	/nobackup/cxlg51/16farms/trimmed/25_R1.fastq.gz	/nobackup/cxlg51/16farms/trimmed/25_R2.fastq.gz
260	/nobackup/cxlg51/16farms/trimmed/260_R1.fastq.gz	/nobackup/cxlg51/16farms/trimmed/260_R2.fastq.gz
267	/nobackup/cxlg51/16farms/trimmed/267_R1.fastq.gz	/nobackup/cxlg51/16farms/trimmed/267_R2.fastq.gz
268	/nobackup/cxlg51/16farms/trimmed/268_R1.fastq.gz	/nobackup/cxlg51/16farms/trimmed/268_R2.fastq.gz
26	/nobackup/cxlg51/16farms/trimmed/26_R1.fastq.gz	/nobackup/cxlg51/16farms/trimmed/26_R2.fastq.gz
271	/nobackup/cxlg51/16farms/trimmed/271_R1.fastq.gz	/nobackup/cxlg51/16farms/trimmed/271_R2.fastq.gz
272	/nobackup/cxlg51/16farms/trimmed/272_R1.fastq.gz	/nobackup/cxlg51/16farms/trimmed/272_R2.fastq.gz
273	/nobackup/cxlg51/16farms/trimmed/273_R1.fastq.gz	/nobackup/cxlg51/16farms/trimmed/273_R2.fastq.gz
274	/nobackup/cxlg51/16farms/trimmed/274_R1.fastq.gz	/nobackup/cxlg51/16farms/trimmed/274_R2.fastq.gz
275	/nobackup/cxlg51/16farms/trimmed/275_R1.fastq.gz	/nobackup/cxlg51/16farms/trimmed/275_R2.fastq.gz
276	/nobackup/cxlg51/16farms/trimmed/276_R1.fastq.gz	/nobackup/cxlg51/16farms/trimmed/276_R2.fastq.gz
277	/nobackup/cxlg51/16farms/trimmed/277_R1.fastq.gz	/nobackup/cxlg51/16farms/trimmed/277_R2.fastq.gz
278	/nobackup/cxlg51/16farms/trimmed/278_R1.fastq.gz	/nobackup/cxlg51/16farms/trimmed/278_R2.fastq.gz
279	/nobackup/cxlg51/16farms/trimmed/279_R1.fastq.gz	/nobackup/cxlg51/16farms/trimmed/279_R2.fastq.gz
27	/nobackup/cxlg51/16farms/trimmed/27_R1.fastq.gz	/nobackup/cxlg51/16farms/trimmed/27_R2.fastq.gz
280	/nobackup/cxlg51/16farms/trimmed/280_R1.fastq.gz	/nobackup/cxlg51/16farms/trimmed/280_R2.fastq.gz
282	/nobackup/cxlg51/16farms/trimmed/282_R1.fastq.gz	/nobackup/cxlg51/16farms/trimmed/282_R2.fastq.gz
283	/nobackup/cxlg51/16farms/trimmed/283_R1.fastq.gz	/nobackup/cxlg51/16farms/trimmed/283_R2.fastq.gz
284	/nobackup/cxlg51/16farms/trimmed/284_R1.fastq.gz	/nobackup/cxlg51/16farms/trimmed/284_R2.fastq.gz
285	/nobackup/cxlg51/16farms/trimmed/285_R1.fastq.gz	/nobackup/cxlg51/16farms/trimmed/285_R2.fastq.gz
286	/nobackup/cxlg51/16farms/trimmed/286_R1.fastq.gz	/nobackup/cxlg51/16farms/trimmed/286_R2.fastq.gz
287	/nobackup/cxlg51/16farms/trimmed/287_R1.fastq.gz	/nobackup/cxlg51/16farms/trimmed/287_R2.fastq.gz
288	/nobackup/cxlg51/16farms/trimmed/288_R1.fastq.gz	/nobackup/cxlg51/16farms/trimmed/288_R2.fastq.gz
289	/nobackup/cxlg51/16farms/trimmed/289_R1.fastq.gz	/nobackup/cxlg51/16farms/trimmed/289_R2.fastq.gz
28	/nobackup/cxlg51/16farms/trimmed/28_R1.fastq.gz	/nobackup/cxlg51/16farms/trimmed/28_R2.fastq.gz
290	/nobackup/cxlg51/16farms/trimmed/290_R1.fastq.gz	/nobackup/cxlg51/16farms/trimmed/290_R2.fastq.gz
291	/nobackup/cxlg51/16farms/trimmed/291_R1.fastq.gz	/nobackup/cxlg51/16farms/trimmed/291_R2.fastq.gz
29	/nobackup/cxlg51/16farms/trimmed/29_R1.fastq.gz	/nobackup/cxlg51/16farms/trimmed/29_R2.fastq.gz
2	/nobackup/cxlg51/16farms/trimmed/2_R1.fastq.gz	/nobackup/cxlg51/16farms/trimmed/2_R2.fastq.gz
308	/nobackup/cxlg51/16farms/trimmed/308_R1.fastq.gz	/nobackup/cxlg51/16farms/trimmed/308_R2.fastq.gz
309	/nobackup/cxlg51/16farms/trimmed/309_R1.fastq.gz	/nobackup/cxlg51/16farms/trimmed/309_R2.fastq.gz
30	/nobackup/cxlg51/16farms/trimmed/30_R1.fastq.gz	/nobackup/cxlg51/16farms/trimmed/30_R2.fastq.gz
310	/nobackup/cxlg51/16farms/trimmed/310_R1.fastq.gz	/nobackup/cxlg51/16farms/trimmed/310_R2.fastq.gz
311	/nobackup/cxlg51/16farms/trimmed/311_R1.fastq.gz	/nobackup/cxlg51/16farms/trimmed/311_R2.fastq.gz
312	/nobackup/cxlg51/16farms/trimmed/312_R1.fastq.gz	/nobackup/cxlg51/16farms/trimmed/312_R2.fastq.gz
313	/nobackup/cxlg51/16farms/trimmed/313_R1.fastq.gz	/nobackup/cxlg51/16farms/trimmed/313_R2.fastq.gz
314	/nobackup/cxlg51/16farms/trimmed/314_R1.fastq.gz	/nobackup/cxlg51/16farms/trimmed/314_R2.fastq.gz
315	/nobackup/cxlg51/16farms/trimmed/315_R1.fastq.gz	/nobackup/cxlg51/16farms/trimmed/315_R2.fastq.gz
316	/nobackup/cxlg51/16farms/trimmed/316_R1.fastq.gz	/nobackup/cxlg51/16farms/trimmed/316_R2.fastq.gz
317	/nobackup/cxlg51/16farms/trimmed/317_R1.fastq.gz	/nobackup/cxlg51/16farms/trimmed/317_R2.fastq.gz
318	/nobackup/cxlg51/16farms/trimmed/318_R1.fastq.gz	/nobackup/cxlg51/16farms/trimmed/318_R2.fastq.gz
319	/nobackup/cxlg51/16farms/trimmed/319_R1.fastq.gz	/nobackup/cxlg51/16farms/trimmed/319_R2.fastq.gz
31	/nobackup/cxlg51/16farms/trimmed/31_R1.fastq.gz	/nobackup/cxlg51/16farms/trimmed/31_R2.fastq.gz
320	/nobackup/cxlg51/16farms/trimmed/320_R1.fastq.gz	/nobackup/cxlg51/16farms/trimmed/320_R2.fastq.gz
321	/nobackup/cxlg51/16farms/trimmed/321_R1.fastq.gz	/nobackup/cxlg51/16farms/trimmed/321_R2.fastq.gz
322	/nobackup/cxlg51/16farms/trimmed/322_R1.fastq.gz	/nobackup/cxlg51/16farms/trimmed/322_R2.fastq.gz
323	/nobackup/cxlg51/16farms/trimmed/323_R1.fastq.gz	/nobackup/cxlg51/16farms/trimmed/323_R2.fastq.gz
324	/nobackup/cxlg51/16farms/trimmed/324_R1.fastq.gz	/nobackup/cxlg51/16farms/trimmed/324_R2.fastq.gz
325	/nobackup/cxlg51/16farms/trimmed/325_R1.fastq.gz	/nobackup/cxlg51/16farms/trimmed/325_R2.fastq.gz
326	/nobackup/cxlg51/16farms/trimmed/326_R1.fastq.gz	/nobackup/cxlg51/16farms/trimmed/326_R2.fastq.gz
327	/nobackup/cxlg51/16farms/trimmed/327_R1.fastq.gz	/nobackup/cxlg51/16farms/trimmed/327_R2.fastq.gz
328	/nobackup/cxlg51/16farms/trimmed/328_R1.fastq.gz	/nobackup/cxlg51/16farms/trimmed/328_R2.fastq.gz
329	/nobackup/cxlg51/16farms/trimmed/329_R1.fastq.gz	/nobackup/cxlg51/16farms/trimmed/329_R2.fastq.gz
32	/nobackup/cxlg51/16farms/trimmed/32_R1.fastq.gz	/nobackup/cxlg51/16farms/trimmed/32_R2.fastq.gz
330	/nobackup/cxlg51/16farms/trimmed/330_R1.fastq.gz	/nobackup/cxlg51/16farms/trimmed/330_R2.fastq.gz
331	/nobackup/cxlg51/16farms/trimmed/331_R1.fastq.gz	/nobackup/cxlg51/16farms/trimmed/331_R2.fastq.gz
332	/nobackup/cxlg51/16farms/trimmed/332_R1.fastq.gz	/nobackup/cxlg51/16farms/trimmed/332_R2.fastq.gz
333	/nobackup/cxlg51/16farms/trimmed/333_R1.fastq.gz	/nobackup/cxlg51/16farms/trimmed/333_R2.fastq.gz
335	/nobackup/cxlg51/16farms/trimmed/335_R1.fastq.gz	/nobackup/cxlg51/16farms/trimmed/335_R2.fastq.gz
336	/nobackup/cxlg51/16farms/trimmed/336_R1.fastq.gz	/nobackup/cxlg51/16farms/trimmed/336_R2.fastq.gz
337	/nobackup/cxlg51/16farms/trimmed/337_R1.fastq.gz	/nobackup/cxlg51/16farms/trimmed/337_R2.fastq.gz
338	/nobackup/cxlg51/16farms/trimmed/338_R1.fastq.gz	/nobackup/cxlg51/16farms/trimmed/338_R2.fastq.gz
339	/nobackup/cxlg51/16farms/trimmed/339_R1.fastq.gz	/nobackup/cxlg51/16farms/trimmed/339_R2.fastq.gz
33	/nobackup/cxlg51/16farms/trimmed/33_R1.fastq.gz	/nobackup/cxlg51/16farms/trimmed/33_R2.fastq.gz
340	/nobackup/cxlg51/16farms/trimmed/340_R1.fastq.gz	/nobackup/cxlg51/16farms/trimmed/340_R2.fastq.gz
341	/nobackup/cxlg51/16farms/trimmed/341_R1.fastq.gz	/nobackup/cxlg51/16farms/trimmed/341_R2.fastq.gz
342	/nobackup/cxlg51/16farms/trimmed/342_R1.fastq.gz	/nobackup/cxlg51/16farms/trimmed/342_R2.fastq.gz
343	/nobackup/cxlg51/16farms/trimmed/343_R1.fastq.gz	/nobackup/cxlg51/16farms/trimmed/343_R2.fastq.gz
345	/nobackup/cxlg51/16farms/trimmed/345_R1.fastq.gz	/nobackup/cxlg51/16farms/trimmed/345_R2.fastq.gz
346	/nobackup/cxlg51/16farms/trimmed/346_R1.fastq.gz	/nobackup/cxlg51/16farms/trimmed/346_R2.fastq.gz
34	/nobackup/cxlg51/16farms/trimmed/34_R1.fastq.gz	/nobackup/cxlg51/16farms/trimmed/34_R2.fastq.gz
35	/nobackup/cxlg51/16farms/trimmed/35_R1.fastq.gz	/nobackup/cxlg51/16farms/trimmed/35_R2.fastq.gz
37	/nobackup/cxlg51/16farms/trimmed/37_R1.fastq.gz	/nobackup/cxlg51/16farms/trimmed/37_R2.fastq.gz
38	/nobackup/cxlg51/16farms/trimmed/38_R1.fastq.gz	/nobackup/cxlg51/16farms/trimmed/38_R2.fastq.gz
39	/nobackup/cxlg51/16farms/trimmed/39_R1.fastq.gz	/nobackup/cxlg51/16farms/trimmed/39_R2.fastq.gz
40	/nobackup/cxlg51/16farms/trimmed/40_R1.fastq.gz	/nobackup/cxlg51/16farms/trimmed/40_R2.fastq.gz
42	/nobackup/cxlg51/16farms/trimmed/42_R1.fastq.gz	/nobackup/cxlg51/16farms/trimmed/42_R2.fastq.gz
43	/nobackup/cxlg51/16farms/trimmed/43_R1.fastq.gz	/nobackup/cxlg51/16farms/trimmed/43_R2.fastq.gz
44	/nobackup/cxlg51/16farms/trimmed/44_R1.fastq.gz	/nobackup/cxlg51/16farms/trimmed/44_R2.fastq.gz
45	/nobackup/cxlg51/16farms/trimmed/45_R1.fastq.gz	/nobackup/cxlg51/16farms/trimmed/45_R2.fastq.gz
46	/nobackup/cxlg51/16farms/trimmed/46_R1.fastq.gz	/nobackup/cxlg51/16farms/trimmed/46_R2.fastq.gz
47	/nobackup/cxlg51/16farms/trimmed/47_R1.fastq.gz	/nobackup/cxlg51/16farms/trimmed/47_R2.fastq.gz
48	/nobackup/cxlg51/16farms/trimmed/48_R1.fastq.gz	/nobackup/cxlg51/16farms/trimmed/48_R2.fastq.gz
49	/nobackup/cxlg51/16farms/trimmed/49_R1.fastq.gz	/nobackup/cxlg51/16farms/trimmed/49_R2.fastq.gz
4	/nobackup/cxlg51/16farms/trimmed/4_R1.fastq.gz	/nobackup/cxlg51/16farms/trimmed/4_R2.fastq.gz
52	/nobackup/cxlg51/16farms/trimmed/52_R1.fastq.gz	/nobackup/cxlg51/16farms/trimmed/52_R2.fastq.gz
53	/nobackup/cxlg51/16farms/trimmed/53_R1.fastq.gz	/nobackup/cxlg51/16farms/trimmed/53_R2.fastq.gz
54	/nobackup/cxlg51/16farms/trimmed/54_R1.fastq.gz	/nobackup/cxlg51/16farms/trimmed/54_R2.fastq.gz
55	/nobackup/cxlg51/16farms/trimmed/55_R1.fastq.gz	/nobackup/cxlg51/16farms/trimmed/55_R2.fastq.gz
57	/nobackup/cxlg51/16farms/trimmed/57_R1.fastq.gz	/nobackup/cxlg51/16farms/trimmed/57_R2.fastq.gz
58	/nobackup/cxlg51/16farms/trimmed/58_R1.fastq.gz	/nobackup/cxlg51/16farms/trimmed/58_R2.fastq.gz
59	/nobackup/cxlg51/16farms/trimmed/59_R1.fastq.gz	/nobackup/cxlg51/16farms/trimmed/59_R2.fastq.gz
60	/nobackup/cxlg51/16farms/trimmed/60_R1.fastq.gz	/nobackup/cxlg51/16farms/trimmed/60_R2.fastq.gz
61	/nobackup/cxlg51/16farms/trimmed/61_R1.fastq.gz	/nobackup/cxlg51/16farms/trimmed/61_R2.fastq.gz
62	/nobackup/cxlg51/16farms/trimmed/62_R1.fastq.gz	/nobackup/cxlg51/16farms/trimmed/62_R2.fastq.gz
63	/nobackup/cxlg51/16farms/trimmed/63_R1.fastq.gz	/nobackup/cxlg51/16farms/trimmed/63_R2.fastq.gz
64	/nobackup/cxlg51/16farms/trimmed/64_R1.fastq.gz	/nobackup/cxlg51/16farms/trimmed/64_R2.fastq.gz
65	/nobackup/cxlg51/16farms/trimmed/65_R1.fastq.gz	/nobackup/cxlg51/16farms/trimmed/65_R2.fastq.gz
66	/nobackup/cxlg51/16farms/trimmed/66_R1.fastq.gz	/nobackup/cxlg51/16farms/trimmed/66_R2.fastq.gz
67	/nobackup/cxlg51/16farms/trimmed/67_R1.fastq.gz	/nobackup/cxlg51/16farms/trimmed/67_R2.fastq.gz
68	/nobackup/cxlg51/16farms/trimmed/68_R1.fastq.gz	/nobackup/cxlg51/16farms/trimmed/68_R2.fastq.gz
69	/nobackup/cxlg51/16farms/trimmed/69_R1.fastq.gz	/nobackup/cxlg51/16farms/trimmed/69_R2.fastq.gz
6	/nobackup/cxlg51/16farms/trimmed/6_R1.fastq.gz	/nobackup/cxlg51/16farms/trimmed/6_R2.fastq.gz
70	/nobackup/cxlg51/16farms/trimmed/70_R1.fastq.gz	/nobackup/cxlg51/16farms/trimmed/70_R2.fastq.gz
71	/nobackup/cxlg51/16farms/trimmed/71_R1.fastq.gz	/nobackup/cxlg51/16farms/trimmed/71_R2.fastq.gz
72	/nobackup/cxlg51/16farms/trimmed/72_R1.fastq.gz	/nobackup/cxlg51/16farms/trimmed/72_R2.fastq.gz
73	/nobackup/cxlg51/16farms/trimmed/73_R1.fastq.gz	/nobackup/cxlg51/16farms/trimmed/73_R2.fastq.gz
74	/nobackup/cxlg51/16farms/trimmed/74_R1.fastq.gz	/nobackup/cxlg51/16farms/trimmed/74_R2.fastq.gz
75	/nobackup/cxlg51/16farms/trimmed/75_R1.fastq.gz	/nobackup/cxlg51/16farms/trimmed/75_R2.fastq.gz
76	/nobackup/cxlg51/16farms/trimmed/76_R1.fastq.gz	/nobackup/cxlg51/16farms/trimmed/76_R2.fastq.gz
78	/nobackup/cxlg51/16farms/trimmed/78_R1.fastq.gz	/nobackup/cxlg51/16farms/trimmed/78_R2.fastq.gz
79	/nobackup/cxlg51/16farms/trimmed/79_R1.fastq.gz	/nobackup/cxlg51/16farms/trimmed/79_R2.fastq.gz
7	/nobackup/cxlg51/16farms/trimmed/7_R1.fastq.gz	/nobackup/cxlg51/16farms/trimmed/7_R2.fastq.gz
80	/nobackup/cxlg51/16farms/trimmed/80_R1.fastq.gz	/nobackup/cxlg51/16farms/trimmed/80_R2.fastq.gz
81	/nobackup/cxlg51/16farms/trimmed/81_R1.fastq.gz	/nobackup/cxlg51/16farms/trimmed/81_R2.fastq.gz
82	/nobackup/cxlg51/16farms/trimmed/82_R1.fastq.gz	/nobackup/cxlg51/16farms/trimmed/82_R2.fastq.gz
83	/nobackup/cxlg51/16farms/trimmed/83_R1.fastq.gz	/nobackup/cxlg51/16farms/trimmed/83_R2.fastq.gz
84	/nobackup/cxlg51/16farms/trimmed/84_R1.fastq.gz	/nobackup/cxlg51/16farms/trimmed/84_R2.fastq.gz
85	/nobackup/cxlg51/16farms/trimmed/85_R1.fastq.gz	/nobackup/cxlg51/16farms/trimmed/85_R2.fastq.gz
87	/nobackup/cxlg51/16farms/trimmed/87_R1.fastq.gz	/nobackup/cxlg51/16farms/trimmed/87_R2.fastq.gz
88	/nobackup/cxlg51/16farms/trimmed/88_R1.fastq.gz	/nobackup/cxlg51/16farms/trimmed/88_R2.fastq.gz
89	/nobackup/cxlg51/16farms/trimmed/89_R1.fastq.gz	/nobackup/cxlg51/16farms/trimmed/89_R2.fastq.gz
8	/nobackup/cxlg51/16farms/trimmed/8_R1.fastq.gz	/nobackup/cxlg51/16farms/trimmed/8_R2.fastq.gz
90	/nobackup/cxlg51/16farms/trimmed/90_R1.fastq.gz	/nobackup/cxlg51/16farms/trimmed/90_R2.fastq.gz
91	/nobackup/cxlg51/16farms/trimmed/91_R1.fastq.gz	/nobackup/cxlg51/16farms/trimmed/91_R2.fastq.gz
92	/nobackup/cxlg51/16farms/trimmed/92_R1.fastq.gz	/nobackup/cxlg51/16farms/trimmed/92_R2.fastq.gz
93	/nobackup/cxlg51/16farms/trimmed/93_R1.fastq.gz	/nobackup/cxlg51/16farms/trimmed/93_R2.fastq.gz
94	/nobackup/cxlg51/16farms/trimmed/94_R1.fastq.gz	/nobackup/cxlg51/16farms/trimmed/94_R2.fastq.gz
95	/nobackup/cxlg51/16farms/trimmed/95_R1.fastq.gz	/nobackup/cxlg51/16farms/trimmed/95_R2.fastq.gz
96	/nobackup/cxlg51/16farms/trimmed/96_R1.fastq.gz	/nobackup/cxlg51/16farms/trimmed/96_R2.fastq.gz
97	/nobackup/cxlg51/16farms/trimmed/97_R1.fastq.gz	/nobackup/cxlg51/16farms/trimmed/97_R2.fastq.gz
98	/nobackup/cxlg51/16farms/trimmed/98_R1.fastq.gz	/nobackup/cxlg51/16farms/trimmed/98_R2.fastq.gz
99	/nobackup/cxlg51/16farms/trimmed/99_R1.fastq.gz	/nobackup/cxlg51/16farms/trimmed/99_R2.fastq.gz
ControlC1	/nobackup/cxlg51/16farms/trimmed/ControlC1_R1.fastq.gz	/nobackup/cxlg51/16farms/trimmed/ControlC1_R2.fastq.gz
ControlU1	/nobackup/cxlg51/16farms/trimmed/ControlU1_R1.fastq.gz	/nobackup/cxlg51/16farms/trimmed/ControlU1_R2.fastq.gz
ControlU2	/nobackup/cxlg51/16farms/trimmed/ControlU2_R1.fastq.gz	/nobackup/cxlg51/16farms/trimmed/ControlU2_R2.fastq.gz
